asset_id,object_type,geometry_family,mass_kg,estimated_particles,status,candidate_count,probe_attempt_count,probe_pass_count,best_com_lift_delta_z_m,best_aabb_min_z_m,elapsed_seconds,video
0001_stage3_100k_qwen2_v1_solid_053842,Chiffon Cake,solid,0.6633308345718362,3223,failed_grasp_ik_all,4,0,0,,,156.16934760846198,
0002_stage3_100k_qwen2_v1_solid_060156,Cupcake,solid,4.0,34218,failed_probe_all,4,3,0,0.0023974294442568045,0.05766855180263519,597.9986540023237,
0003_stage3_100k_qwen2_v1_solid_029603,Dinner Roll,solid,4.0,40682,failed_grasp_ik_all,4,0,0,,,100.04909543506801,
0004_stage3_100k_qwen2_v1_solid_080046,Egg Tart,solid,0.6391187441810642,3106,failed_grasp_ik_all,4,0,0,,,157.2558346670121,
0005_stage3_100k_qwen2_v1_solid_067443,Scone,solid,4.0,39527,failed_probe_all,4,2,0,-0.002331345650043226,0.05510774627327919,691.9301122687757,
0006_stage3_100k_qwen2_v1_solid_061625,Soft European Bread,solid,4.0,25179,failed_grasp_ik_all,4,0,0,,,92.98067635670304,
0007_stage3_100k_qwen2_v1_solid_018958,Blackberry,solid,2.0507554269071693,7034,failed_grasp_ik_all,4,0,0,,,190.34106219001114,
0008_stage3_100k_qwen2_v1_solid_009748,Durian Flesh,solid,3.783761219438242,12978,failed_probe_all,4,1,0,-0.0022464881687125487,0.05505761504173279,347.60915111750364,
0009_stage3_100k_qwen2_v1_solid_034002,Jujube,solid,4.0,33992,failed_probe_all,4,2,0,-0.008326029512260247,0.05361147224903107,299.7488415222615,
0010_stage3_100k_qwen2_v1_solid_065043,Kiwi,solid,0.45393248510040607,1557,failed_probe_all,4,1,0,-0.006441414310381963,0.056490182876586914,433.170365344733,
0011_stage3_100k_qwen2_v1_solid_087842,Mango,solid,4.0,18874,failed_probe_all,4,3,0,0.00945755263917189,0.05672410503029823,680.6891645472497,
0012_stage3_100k_qwen2_v1_solid_053458,Egg-crate Acoustic Foam,solid,0.7916360581534598,6033,failed_grasp_ik_all,4,0,0,,,133.4332626014948,
0013_stage3_100k_qwen2_v1_solid_099540,Foam Earplug,solid,0.09223269047321211,703,failed_grasp_ik_all,3,0,0,,,112.6340057887137,
0014_stage3_100k_qwen2_v1_solid_091790,Makeup Sponge,solid,1.5,22584,failed_probe_all,4,1,0,-0.016608894410452962,0.06142090633511543,149.79553416371346,
0015_stage3_100k_qwen2_v1_solid_001096,Melamine Foam Eraser,solid,0.08,422,failed_probe_all,4,1,0,-0.0050506654780271415,0.061013489961624146,318.53776815906167,
0016_stage3_100k_qwen2_v1_solid_073362,Microphone Foam Cover,solid,1.5,26001,failed_probe_all,4,2,0,0.007097063682665633,0.06148552522063255,365.46599319577217,
0017_stage3_100k_qwen2_v1_solid_023411,Sponge Paint Roller,solid,1.3336233413789838,10163,failed_probe_all,4,2,0,-0.0019496214662802769,0.061586178839206696,443.68277612142265,
0018_stage3_100k_qwen2_v1_solid_069490,Beanbag Toy,solid,4.0,26411,failed_probe_all,4,3,0,0.001439219755611565,0.06194145232439041,520.9960320852697,
0019_stage3_100k_qwen2_v1_solid_092292,Heat Therapy Gel Pack,solid,4.5,22676,failed_probe_all,4,1,0,-0.005447822967041174,0.05468309298157692,292.52840225212276,
0020_stage3_100k_qwen2_v1_solid_093750,Oxygen Mask Soft Seal,solid,1.3748020915987984,3159,failed_probe_all,4,1,0,-0.006883127225404143,0.0603058785200119,373.9800302516669,
0021_stage3_100k_qwen2_v1_solid_013734,Soft Tissue Training Block,solid,4.5,49388,failed_probe_all,4,2,0,0.006233125456159089,0.054567478597164154,475.05531181022525,
0022_stage3_100k_qwen2_v1_solid_031681,Stress Ball,solid,4.0,28707,failed_probe_all,4,3,0,-0.0023059388329071673,0.06154938414692879,737.4024830535054,
0023_stage3_100k_qwen2_v1_solid_087532,Plush Toy,solid,1.0491481235220002,7995,failed_probe_all,4,2,0,-0.018846924345527344,0.06182993948459625,560.6095626559108,
0024_stage3_100k_qwen2_v1_solid_025042,Protective Rubber Cover,solid,1.2567905408498454,2338,failed_grasp_ik_all,4,0,0,,,76.31950442865491,
0025_stage3_100k_qwen2_v1_solid_014381,Silicone Teether Toy,solid,1.39461516867185,2522,failed_probe_all,4,1,0,-0.006099270238040383,0.06094256415963173,306.4960664026439,
0026_stage3_100k_qwen2_v1_solid_001836,Butter,solid,4.0,22442,failed_probe_all,4,2,0,-9.922459204744771e-05,0.0592130683362484,445.55705790780485,
0027_stage3_100k_qwen2_v1_solid_077504,Gummy Candy,solid,3.739271987855573,15141,failed_probe_all,4,2,0,0.0028669622639382886,0.06054064258933067,412.5199146028608,
0028_stage3_100k_qwen2_v1_solid_051802,Mashed Potato,solid,1.6025937074686392,4450,failed_grasp_ik_all,4,0,0,,,225.86761673539877,
0029_stage3_100k_qwen2_v1_solid_072660,Mochi,solid,4.0,25003,failed_probe_all,4,1,0,-0.0030414397338588695,0.055961623787879944,320.5942608602345,
0030_stage3_100k_qwen2_v1_solid_092067,Rice Ball,solid,4.0,21160,failed_grasp_ik_all,4,0,0,,,74.8177929688245,
0061_stage3_100k_qwen2_v1_shell_030627,Baby Cushion,shell,1.3524770137506656,10307,failed_grasp_ik_all,4,0,0,,,86.15665761567652,
0062_stage3_100k_qwen2_v1_shell_069428,Beanbag Chair,shell,1.5,14930,failed_probe_all,4,3,0,0.0013388674074346074,0.06192559003829956,530.6652540992945,
0063_stage3_100k_qwen2_v1_shell_026265,Coccyx Cushion,shell,1.5,11783,failed_probe_all,4,2,0,0.0011141668790899395,0.06176407262682915,419.94316514767706,
0064_stage3_100k_qwen2_v1_shell_007352,Cushion Foam Core,shell,1.5,14821,failed_probe_all,4,2,0,0.0018043886595629777,0.06192526966333389,371.8791558146477,
0065_stage3_100k_qwen2_v1_shell_001533,Donut Cushion,shell,1.1044119172253741,8416,failed_grasp_ik_all,4,0,0,,,71.82264215685427,
0066_stage3_100k_qwen2_v1_shell_000079,Floor Cushion,shell,1.5,11847,failed_grasp_ik_all,4,0,0,,,62.684881107881665,
0067_stage3_100k_qwen2_v1_shell_098050,Flotation Cushion,shell,1.2352450334266605,9414,failed_probe_all,4,3,0,0.00043231614743678703,0.062282126396894455,493.1741772480309,
0068_stage3_100k_qwen2_v1_shell_020938,Heel Cushion,shell,0.9796713917774437,7466,failed_probe_all,4,2,0,0.001151457800014799,0.06203586980700493,405.6807890292257,
0069_stage3_100k_qwen2_v1_shell_019484,Knee Pillow,shell,1.5,17636,failed_probe_all,4,2,0,0.0007011853579135807,0.06175409257411957,373.66961646452546,
0070_stage3_100k_qwen2_v1_shell_041310,Latex Cushion,shell,4.470305281026237,8315,failed_grasp_ik_all,4,0,0,,,221.3988831229508,
0071_stage3_100k_qwen2_v1_shell_034525,Neck Pillow Foam Core,shell,0.9721976931995884,7409,failed_grasp_ik_all,4,0,0,,,180.28620286285877,
0072_stage3_100k_qwen2_v1_shell_004945,Positioning Cushion,shell,0.13184700893090262,1005,failed_grasp_ik_all,2,0,0,,,80.83984631299973,
0073_stage3_100k_qwen2_v1_shell_071393,Silicone Cushion,shell,3.536867366274455,6396,failed_grasp_ik_all,4,0,0,,,201.92622150294483,
0074_stage3_100k_qwen2_v1_shell_016589,Sofa Armrest Padding,shell,1.0363520532984025,7898,failed_probe_all,4,2,0,0.0006259128173509987,0.06233791634440422,627.3334308154881,
0075_stage3_100k_qwen2_v1_shell_085460,Sofa Back Cushion,shell,1.5,13419,failed_grasp_ik_all,4,0,0,,,102.70863340608776,
0076_stage3_100k_qwen2_v1_shell_099119,Inflatable Animal Toy,shell,2.0,8188,failed_probe_all,4,1,0,-0.003324144967168624,0.05474068224430084,174.35309587605298,
0077_stage3_100k_qwen2_v1_shell_038495,Inflatable Ball,shell,2.0,36928,failed_probe_all,4,2,0,-0.0007173857738107803,0.0546034537255764,263.8114116732031,
0078_stage3_100k_qwen2_v1_shell_008911,Inflatable Bladder,shell,2.0,18858,failed_probe_all,4,1,0,-0.002180174282117947,0.05490819364786148,145.1770492643118,
0079_stage3_100k_qwen2_v1_shell_025403,Inflatable Mattress,shell,0.6764776534006828,2479,failed_probe_all,4,1,0,-0.003953690443304597,0.05486369505524635,199.90200914815068,
0080_stage3_100k_qwen2_v1_shell_064712,Ankle Support Cushion,shell,0.7875256064242443,6002,failed_probe_all,4,3,0,0.00042230221603981044,0.061831407248973846,719.0453511476517,
0081_stage3_100k_qwen2_v1_shell_074903,Garden Kneeler Pad,shell,1.0379244429855454,7910,failed_grasp_ik_all,4,0,0,,,63.61649911850691,
0082_stage3_100k_qwen2_v1_shell_004094,Headphone Ear Pad Foam,shell,1.5,12036,failed_probe_all,4,1,0,0.0014415530026875012,0.06160709261894226,250.09125882945955,
0083_stage3_100k_qwen2_v1_shell_016220,IV Injection Training Pad,shell,0.8062866361932938,6145,failed_probe_all,4,1,0,-0.0075419593196862506,0.061566513031721115,260.401744812727,
0084_stage3_100k_qwen2_v1_shell_052111,Knee Pad Foam Insert,shell,0.7617607122281478,5805,failed_grasp_ik_all,4,0,0,,,286.24395170249045,
0085_stage3_100k_qwen2_v1_shell_010402,Knee Support Cushion,shell,0.17933157402011893,1367,failed_probe_all,4,1,0,-0.004494549541068177,0.0605526827275753,299.5190367884934,
0086_stage3_100k_qwen2_v1_shell_086069,Medical Support Strap,shell,1.2,24619,failed_grasp_ik_all,4,0,0,,,58.602009600028396,
0087_stage3_100k_qwen2_v1_shell_052121,Neoprene Pad,shell,0.5943323997117294,4529,failed_grasp_ik_all,4,0,0,,,82.02655246853828,
0088_stage3_100k_qwen2_v1_shell_022052,Posture Support Cushion,shell,1.5,14349,failed_grasp_ik_all,4,0,0,,,97.43235974386334,
0089_stage3_100k_qwen2_v1_shell_058914,Seat Cushion Cover,shell,1.2,52228,failed_probe_all,4,3,0,0.001736331341689351,0.056453410536050797,598.5237163640559,
0090_stage3_100k_qwen2_v1_shell_020115,Steam Mop Pad,shell,0.8175849917381357,8229,failed_probe_all,4,1,0,-0.0014382029079473974,0.056109461933374405,279.0745700150728,
