sample_id,canonical_id,object_type,geometry_family,visual_archetype,material_family,profile,youngs_modulus,poisson_ratio,density,particle_size,grid_density,dt,substeps,drop_height,alpha_wrap_fraction,alpha_wrap_offset_fraction,rationale
stage3_100k_qwen2_v1_solid_053842,baked_soft_food__chiffon_cake,Chiffon Cake,solid,baked_soft_food,soft_food,soft_food,65000.0,0.36,600.0,0.007,144.0,0.0007,28,0.4,0.02,0.004,base:soft_food; geometry:solid; predeformed_state; baked_food_crumb
stage3_100k_qwen2_v1_solid_060156,baked_soft_food__cupcake,Cupcake,solid,baked_soft_food,soft_food,soft_food,65000.0,0.36,600.0,0.007,144.0,0.0007,28,0.4,0.02,0.004,base:soft_food; geometry:solid; baked_food_crumb
stage3_100k_qwen2_v1_solid_029603,baked_soft_food__dinner_roll,Dinner Roll,solid,baked_soft_food,soft_food,soft_food,65000.0,0.36,600.0,0.007,144.0,0.0007,28,0.4,0.02,0.004,base:soft_food; geometry:solid; baked_food_crumb
stage3_100k_qwen2_v1_solid_080046,baked_soft_food__egg_tart,Egg Tart,solid,baked_soft_food,soft_food,soft_food,65000.0,0.36,600.0,0.007,144.0,0.0007,28,0.4,0.02,0.004,base:soft_food; geometry:solid; baked_food_crumb
stage3_100k_qwen2_v1_solid_067443,baked_soft_food__scone,Scone,solid,baked_soft_food,soft_food,soft_food,65000.0,0.36,600.0,0.007,144.0,0.0007,28,0.4,0.02,0.004,base:soft_food; geometry:solid; baked_food_crumb
stage3_100k_qwen2_v1_solid_061625,baked_soft_food__soft_european_bread,Soft European Bread,solid,baked_soft_food,soft_food,soft_food,65000.0,0.36,600.0,0.007,144.0,0.0007,28,0.4,0.02,0.004,base:soft_food; geometry:solid; predeformed_state; baked_food_crumb
stage3_100k_qwen2_v1_solid_018958,compressible_fruit__blackberry,Blackberry,solid,compressible_fruit,soft_food,soft_food,70000.0,0.4,850.0,0.007,144.0,0.0007,28,0.4,0.02,0.004,base:soft_food; geometry:solid; compressible_fruit_flesh
stage3_100k_qwen2_v1_solid_009748,compressible_fruit__durian_flesh,Durian Flesh,solid,compressible_fruit,soft_food,soft_food,70000.0,0.4,850.0,0.007,144.0,0.0007,28,0.4,0.02,0.004,base:soft_food; geometry:solid; compressible_fruit_flesh
stage3_100k_qwen2_v1_solid_034002,compressible_fruit__jujube,Jujube,solid,compressible_fruit,soft_food,soft_food,70000.0,0.4,850.0,0.007,144.0,0.0007,28,0.4,0.02,0.004,base:soft_food; geometry:solid; compressible_fruit_flesh
stage3_100k_qwen2_v1_solid_065043,compressible_fruit__kiwi,Kiwi,solid,compressible_fruit,soft_food,soft_food,70000.0,0.4,850.0,0.007,144.0,0.0007,28,0.4,0.02,0.004,base:soft_food; geometry:solid; compressible_fruit_flesh
stage3_100k_qwen2_v1_solid_087842,compressible_fruit__mango,Mango,solid,compressible_fruit,soft_food,soft_food,70000.0,0.4,850.0,0.007,144.0,0.0007,28,0.4,0.02,0.004,base:soft_food; geometry:solid; compressible_fruit_flesh
stage3_100k_qwen2_v1_solid_053458,foam_solid__egg_crate_acoustic_foam,Egg-crate Acoustic Foam,solid,foam_solid,foam,foam,50000.0,0.28,180.0,0.009,128.0,0.0008,24,0.48,0.02,0.003,base:foam; geometry:solid
stage3_100k_qwen2_v1_solid_099540,foam_solid__foam_earplug,Foam Earplug,solid,foam_solid,foam,foam,50000.0,0.28,180.0,0.009,128.0,0.0008,24,0.48,0.02,0.003,base:foam; geometry:solid
stage3_100k_qwen2_v1_solid_091790,foam_solid__makeup_sponge,Makeup Sponge,solid,foam_solid,foam,foam,50000.0,0.28,180.0,0.009,128.0,0.0008,24,0.48,0.02,0.003,base:foam; geometry:solid
stage3_100k_qwen2_v1_solid_001096,foam_solid__melamine_foam_eraser,Melamine Foam Eraser,solid,foam_solid,foam,foam,50000.0,0.28,180.0,0.009,128.0,0.0008,24,0.48,0.02,0.003,base:foam; geometry:solid
stage3_100k_qwen2_v1_solid_073362,foam_solid__microphone_foam_cover,Microphone Foam Cover,solid,foam_solid,foam,foam,50000.0,0.28,180.0,0.009,128.0,0.0008,24,0.48,0.02,0.003,base:foam; geometry:solid
stage3_100k_qwen2_v1_solid_023411,foam_solid__sponge_paint_roller,Sponge Paint Roller,solid,foam_solid,foam,foam,45000.0,0.28,180.0,0.009,128.0,0.0008,24,0.48,0.02,0.003,base:foam; geometry:solid; predeformed_state
stage3_100k_qwen2_v1_solid_069490,generic_deformable_solid__beanbag_toy,Beanbag Toy,solid,generic_deformable_solid,unknown,generic,72000.0,0.4,850.0,0.008,128.0,0.0008,24,0.45,0.02,0.003,base:generic; geometry:solid; predeformed_state
stage3_100k_qwen2_v1_solid_092292,generic_deformable_solid__heat_therapy_gel_pack,Heat Therapy Gel Pack,solid,generic_deformable_solid,gel,gel,31500.0,0.47,1000.0,0.007,144.0,0.0007,28,0.4,0.02,0.004,base:gel; geometry:solid; predeformed_state
stage3_100k_qwen2_v1_solid_093750,generic_deformable_solid__oxygen_mask_soft_seal,Oxygen Mask Soft Seal,solid,generic_deformable_solid,unknown,generic,80000.0,0.4,850.0,0.008,128.0,0.0008,24,0.45,0.02,0.003,base:generic; geometry:solid
stage3_100k_qwen2_v1_solid_013734,generic_deformable_solid__soft_tissue_training_block,Soft Tissue Training Block,solid,generic_deformable_solid,gel,gel,35000.0,0.47,1000.0,0.007,144.0,0.0007,28,0.4,0.02,0.004,base:gel; geometry:solid
stage3_100k_qwen2_v1_solid_031681,generic_deformable_solid__stress_ball,Stress Ball,solid,generic_deformable_solid,unknown,generic,85000.0,0.44,720.0,0.008,128.0,0.0008,24,0.42,0.02,0.003,base:generic; geometry:solid; elastic_squeeze_toy
stage3_100k_qwen2_v1_solid_087532,plush_soft_solid__plush_toy,Plush Toy,solid,plush_soft_solid,unknown,foam,50000.0,0.28,180.0,0.009,128.0,0.0008,24,0.48,0.02,0.003,base:foam; geometry:solid
stage3_100k_qwen2_v1_solid_025042,rubber_soft_solid__protective_rubber_cover,Protective Rubber Cover,solid,rubber_soft_solid,rubber,rubber,150000.0,0.46,1050.0,0.008,128.0,0.0008,24,0.46,0.02,0.003,base:rubber; geometry:solid
stage3_100k_qwen2_v1_solid_014381,rubber_soft_solid__silicone_teether_toy,Silicone Teether Toy,solid,rubber_soft_solid,rubber,silicone,100000.0,0.47,1080.0,0.008,128.0,0.0008,24,0.44,0.02,0.004,base:silicone; geometry:solid
stage3_100k_qwen2_v1_solid_001836,soft_food_form__butter,Butter,solid,soft_food_form,soft_food,soft_food,60000.0,0.38,720.0,0.007,144.0,0.0007,28,0.42,0.02,0.004,base:soft_food; geometry:solid
stage3_100k_qwen2_v1_solid_077504,soft_food_form__gummy_candy,Gummy Candy,solid,soft_food_form,soft_food,soft_food,54000.0,0.38,720.0,0.007,144.0,0.0007,28,0.42,0.02,0.004,base:soft_food; geometry:solid; predeformed_state
stage3_100k_qwen2_v1_solid_051802,soft_food_form__mashed_potato,Mashed Potato,solid,soft_food_form,soft_food,soft_food,35000.0,0.45,1050.0,0.007,144.0,0.0007,28,0.34,0.02,0.004,base:soft_food; geometry:solid; predeformed_state; yield_like_soft_mass
stage3_100k_qwen2_v1_solid_072660,soft_food_form__mochi,Mochi,solid,soft_food_form,soft_food,soft_food,60000.0,0.38,720.0,0.007,144.0,0.0007,28,0.42,0.02,0.004,base:soft_food; geometry:solid
stage3_100k_qwen2_v1_solid_092067,soft_food_form__rice_ball,Rice Ball,solid,soft_food_form,soft_food,soft_food,60000.0,0.38,720.0,0.007,144.0,0.0007,28,0.42,0.02,0.004,base:soft_food; geometry:solid
stage3_100k_qwen2_v1_cloth_sheet_038839,coated_textile__tarpaulin,Tarpaulin,cloth_sheet,coated_textile,textile,textile,120000.0,0.34,460.0,0.004,192.0,0.0006,32,0.3,0.03,0.012,base:textile; geometry:cloth_sheet
stage3_100k_qwen2_v1_cloth_sheet_022979,long_strip_textile__bubble_wrap,Bubble Wrap,cloth_sheet,long_strip_textile,unknown,textile,120000.0,0.34,460.0,0.004,192.0,0.0006,32,0.3,0.03,0.012,base:textile; geometry:cloth_sheet
stage3_100k_qwen2_v1_cloth_sheet_033167,long_strip_textile__sandwich_wrap,Sandwich Wrap,cloth_sheet,long_strip_textile,unknown,textile,120000.0,0.34,460.0,0.004,192.0,0.0006,32,0.3,0.03,0.012,base:textile; geometry:cloth_sheet
stage3_100k_qwen2_v1_cloth_sheet_069588,rectangular_textile__agricultural_fabric_sheet,Agricultural Fabric Sheet,cloth_sheet,rectangular_textile,textile,textile,120000.0,0.34,460.0,0.004,192.0,0.0006,32,0.3,0.03,0.012,base:textile; geometry:cloth_sheet
stage3_100k_qwen2_v1_cloth_sheet_001205,rectangular_textile__artificial_skin_patch,Artificial Skin Patch,cloth_sheet,rectangular_textile,gel,gel,63000.0,0.47,1000.0,0.004,192.0,0.0006,32,0.3,0.03,0.012,base:gel; geometry:cloth_sheet; predeformed_state
stage3_100k_qwen2_v1_cloth_sheet_046311,rectangular_textile__awning_fabric,Awning Fabric,cloth_sheet,rectangular_textile,textile,textile,120000.0,0.34,460.0,0.004,192.0,0.0006,32,0.3,0.03,0.012,base:textile; geometry:cloth_sheet
stage3_100k_qwen2_v1_cloth_sheet_096269,rectangular_textile__bedsheet,Bedsheet,cloth_sheet,rectangular_textile,textile,textile,108000.0,0.34,460.0,0.004,192.0,0.0006,32,0.3,0.03,0.012,base:textile; geometry:cloth_sheet; predeformed_state
stage3_100k_qwen2_v1_cloth_sheet_072506,rectangular_textile__blackout_curtain,Blackout Curtain,cloth_sheet,rectangular_textile,textile,textile,120000.0,0.34,460.0,0.004,192.0,0.0006,32,0.3,0.03,0.012,base:textile; geometry:cloth_sheet
stage3_100k_qwen2_v1_cloth_sheet_062807,rectangular_textile__blanket,Blanket,cloth_sheet,rectangular_textile,textile,textile,120000.0,0.34,460.0,0.004,192.0,0.0006,32,0.3,0.03,0.012,base:textile; geometry:cloth_sheet
stage3_100k_qwen2_v1_cloth_sheet_016733,rectangular_textile__canopy_fabric,Canopy Fabric,cloth_sheet,rectangular_textile,textile,textile,120000.0,0.34,460.0,0.004,192.0,0.0006,32,0.3,0.03,0.012,base:textile; geometry:cloth_sheet
stage3_100k_qwen2_v1_cloth_sheet_072026,rectangular_textile__cleaning_cloth,Cleaning Cloth,cloth_sheet,rectangular_textile,textile,textile,120000.0,0.34,460.0,0.004,192.0,0.0006,32,0.3,0.03,0.012,base:textile; geometry:cloth_sheet
stage3_100k_qwen2_v1_cloth_sheet_034687,rectangular_textile__duvet_cover,Duvet Cover,cloth_sheet,rectangular_textile,textile,textile,108000.0,0.34,460.0,0.004,192.0,0.0006,32,0.3,0.03,0.012,base:textile; geometry:cloth_sheet; predeformed_state
stage3_100k_qwen2_v1_cloth_sheet_093375,rectangular_textile__eva_foam_sheet,EVA Foam Sheet,cloth_sheet,rectangular_textile,foam,foam,100000.0,0.28,180.0,0.004,192.0,0.0006,32,0.3,0.03,0.012,base:foam; geometry:cloth_sheet
stage3_100k_qwen2_v1_cloth_sheet_072521,rectangular_textile__fabric_book,Fabric Book,cloth_sheet,rectangular_textile,textile,textile,120000.0,0.34,460.0,0.004,192.0,0.0006,32,0.3,0.03,0.012,base:textile; geometry:cloth_sheet
stage3_100k_qwen2_v1_cloth_sheet_083681,rectangular_textile__fitted_sheet,Fitted Sheet,cloth_sheet,rectangular_textile,textile,textile,120000.0,0.34,460.0,0.004,192.0,0.0006,32,0.3,0.03,0.012,base:textile; geometry:cloth_sheet
stage3_100k_qwen2_v1_cloth_sheet_033242,rectangular_textile__flexible_insulation_sheet,Flexible Insulation Sheet,cloth_sheet,rectangular_textile,unknown,textile,120000.0,0.34,460.0,0.004,192.0,0.0006,32,0.3,0.03,0.012,base:textile; geometry:cloth_sheet
stage3_100k_qwen2_v1_cloth_sheet_034213,rectangular_textile__floor_mat,Floor Mat,cloth_sheet,rectangular_textile,textile,textile,120000.0,0.34,460.0,0.004,192.0,0.0006,32,0.3,0.03,0.012,base:textile; geometry:cloth_sheet
stage3_100k_qwen2_v1_cloth_sheet_084169,rectangular_textile__foam_puzzle_mat,Foam Puzzle Mat,cloth_sheet,rectangular_textile,foam,foam,100000.0,0.28,180.0,0.004,192.0,0.0006,32,0.3,0.03,0.012,base:foam; geometry:cloth_sheet
stage3_100k_qwen2_v1_cloth_sheet_021607,rectangular_textile__hammock_fabric,Hammock Fabric,cloth_sheet,rectangular_textile,textile,textile,120000.0,0.34,460.0,0.004,192.0,0.0006,32,0.3,0.03,0.012,base:textile; geometry:cloth_sheet
stage3_100k_qwen2_v1_cloth_sheet_099700,rectangular_textile__mop_cloth,Mop Cloth,cloth_sheet,rectangular_textile,textile,textile,120000.0,0.34,460.0,0.004,192.0,0.0006,32,0.3,0.03,0.012,base:textile; geometry:cloth_sheet
stage3_100k_qwen2_v1_cloth_sheet_094851,rectangular_textile__napkin,Napkin,cloth_sheet,rectangular_textile,textile,textile,108000.0,0.34,460.0,0.004,192.0,0.0006,32,0.3,0.03,0.012,base:textile; geometry:cloth_sheet; predeformed_state
stage3_100k_qwen2_v1_cloth_sheet_092921,rectangular_textile__rubber_mat,Rubber Mat,cloth_sheet,rectangular_textile,rubber,rubber,180000.0,0.46,1050.0,0.004,192.0,0.0006,32,0.3,0.03,0.012,base:rubber; geometry:cloth_sheet
stage3_100k_qwen2_v1_cloth_sheet_053644,rectangular_textile__sunshade_fabric,Sunshade Fabric,cloth_sheet,rectangular_textile,textile,textile,108000.0,0.34,460.0,0.004,192.0,0.0006,32,0.3,0.03,0.012,base:textile; geometry:cloth_sheet; predeformed_state
stage3_100k_qwen2_v1_cloth_sheet_003690,rectangular_textile__swaddle_blanket,Swaddle Blanket,cloth_sheet,rectangular_textile,textile,textile,120000.0,0.34,460.0,0.004,192.0,0.0006,32,0.3,0.03,0.012,base:textile; geometry:cloth_sheet
stage3_100k_qwen2_v1_cloth_sheet_015333,rectangular_textile__tent_fabric,Tent Fabric,cloth_sheet,rectangular_textile,textile,textile,120000.0,0.34,460.0,0.004,192.0,0.0006,32,0.3,0.03,0.012,base:textile; geometry:cloth_sheet
stage3_100k_qwen2_v1_cloth_sheet_083236,rectangular_textile__throw_blanket,Throw Blanket,cloth_sheet,rectangular_textile,textile,textile,108000.0,0.34,460.0,0.004,192.0,0.0006,32,0.3,0.03,0.012,base:textile; geometry:cloth_sheet; predeformed_state
stage3_100k_qwen2_v1_cloth_sheet_079843,rectangular_textile__wet_cloth,Wet Cloth,cloth_sheet,rectangular_textile,textile,textile,120000.0,0.34,460.0,0.004,192.0,0.0006,32,0.3,0.03,0.012,base:textile; geometry:cloth_sheet
stage3_100k_qwen2_v1_cloth_sheet_016903,terry_textile__car_cleaning_towel,Car Cleaning Towel,cloth_sheet,terry_textile,textile,textile,120000.0,0.34,460.0,0.004,192.0,0.0006,32,0.3,0.03,0.012,base:textile; geometry:cloth_sheet
stage3_100k_qwen2_v1_cloth_sheet_003325,terry_textile__hand_towel,Hand Towel,cloth_sheet,terry_textile,textile,textile,120000.0,0.34,460.0,0.004,192.0,0.0006,32,0.3,0.03,0.012,base:textile; geometry:cloth_sheet
stage3_100k_qwen2_v1_cloth_sheet_048917,terry_textile__towel,Towel,cloth_sheet,terry_textile,textile,textile,108000.0,0.34,460.0,0.004,192.0,0.0006,32,0.3,0.03,0.012,base:textile; geometry:cloth_sheet; predeformed_state
stage3_100k_qwen2_v1_shell_030627,cushion_shell__baby_cushion,Baby Cushion,shell,cushion_shell,unknown,foam,50000.0,0.28,180.0,0.009,128.0,0.0008,24,0.48,0.02,0.003,base:foam; geometry:shell
stage3_100k_qwen2_v1_shell_069428,cushion_shell__beanbag_chair,Beanbag Chair,shell,cushion_shell,unknown,foam,50000.0,0.28,180.0,0.009,128.0,0.0008,24,0.48,0.02,0.003,base:foam; geometry:shell
stage3_100k_qwen2_v1_shell_026265,cushion_shell__coccyx_cushion,Coccyx Cushion,shell,cushion_shell,unknown,foam,50000.0,0.28,180.0,0.009,128.0,0.0008,24,0.48,0.02,0.003,base:foam; geometry:shell
stage3_100k_qwen2_v1_shell_007352,cushion_shell__cushion_foam_core,Cushion Foam Core,shell,cushion_shell,foam,foam,50000.0,0.28,180.0,0.009,128.0,0.0008,24,0.48,0.02,0.003,base:foam; geometry:shell
stage3_100k_qwen2_v1_shell_001533,cushion_shell__donut_cushion,Donut Cushion,shell,cushion_shell,unknown,foam,45000.0,0.28,180.0,0.009,128.0,0.0008,24,0.48,0.02,0.003,base:foam; geometry:shell; predeformed_state
stage3_100k_qwen2_v1_shell_000079,cushion_shell__floor_cushion,Floor Cushion,shell,cushion_shell,unknown,foam,50000.0,0.28,180.0,0.009,128.0,0.0008,24,0.48,0.02,0.003,base:foam; geometry:shell
stage3_100k_qwen2_v1_shell_098050,cushion_shell__flotation_cushion,Flotation Cushion,shell,cushion_shell,unknown,foam,50000.0,0.28,180.0,0.009,128.0,0.0008,24,0.48,0.02,0.003,base:foam; geometry:shell
stage3_100k_qwen2_v1_shell_020938,cushion_shell__heel_cushion,Heel Cushion,shell,cushion_shell,unknown,foam,45000.0,0.28,180.0,0.009,128.0,0.0008,24,0.48,0.02,0.003,base:foam; geometry:shell; predeformed_state
stage3_100k_qwen2_v1_shell_019484,cushion_shell__knee_pillow,Knee Pillow,shell,cushion_shell,unknown,foam,45000.0,0.28,180.0,0.009,128.0,0.0008,24,0.48,0.02,0.003,base:foam; geometry:shell; predeformed_state
stage3_100k_qwen2_v1_shell_041310,cushion_shell__latex_cushion,Latex Cushion,shell,cushion_shell,rubber,rubber,150000.0,0.46,1050.0,0.008,128.0,0.0008,24,0.46,0.02,0.003,base:rubber; geometry:shell
stage3_100k_qwen2_v1_shell_034525,cushion_shell__neck_pillow_foam_core,Neck Pillow Foam Core,shell,cushion_shell,foam,foam,50000.0,0.28,180.0,0.009,128.0,0.0008,24,0.48,0.02,0.003,base:foam; geometry:shell
stage3_100k_qwen2_v1_shell_004945,cushion_shell__positioning_cushion,Positioning Cushion,shell,cushion_shell,unknown,foam,50000.0,0.28,180.0,0.009,128.0,0.0008,24,0.48,0.02,0.003,base:foam; geometry:shell
stage3_100k_qwen2_v1_shell_071393,cushion_shell__silicone_cushion,Silicone Cushion,shell,cushion_shell,rubber,silicone,100000.0,0.47,1080.0,0.008,128.0,0.0008,24,0.44,0.02,0.004,base:silicone; geometry:shell
stage3_100k_qwen2_v1_shell_016589,cushion_shell__sofa_armrest_padding,Sofa Armrest Padding,shell,cushion_shell,unknown,foam,50000.0,0.28,180.0,0.009,128.0,0.0008,24,0.48,0.02,0.003,base:foam; geometry:shell
stage3_100k_qwen2_v1_shell_085460,cushion_shell__sofa_back_cushion,Sofa Back Cushion,shell,cushion_shell,unknown,foam,50000.0,0.28,180.0,0.009,128.0,0.0008,24,0.48,0.02,0.003,base:foam; geometry:shell
stage3_100k_qwen2_v1_shell_099119,inflatable_shell__inflatable_animal_toy,Inflatable Animal Toy,shell,inflatable_shell,unknown,plastic,74340.0,0.4,533.0,0.008,144.0,0.001,20,0.52,0.022,0.004,base:plastic; geometry:shell; inflatable_shell; predeformed_state
stage3_100k_qwen2_v1_shell_038495,inflatable_shell__inflatable_ball,Inflatable Ball,shell,inflatable_shell,unknown,plastic,82600.0,0.4,533.0,0.008,144.0,0.001,20,0.52,0.022,0.004,base:plastic; geometry:shell; inflatable_shell
stage3_100k_qwen2_v1_shell_008911,inflatable_shell__inflatable_bladder,Inflatable Bladder,shell,inflatable_shell,unknown,plastic,74340.0,0.4,533.0,0.008,144.0,0.001,20,0.52,0.022,0.004,base:plastic; geometry:shell; inflatable_shell; predeformed_state
stage3_100k_qwen2_v1_shell_025403,inflatable_shell__inflatable_mattress,Inflatable Mattress,shell,inflatable_shell,unknown,plastic,74340.0,0.4,533.0,0.008,144.0,0.001,20,0.52,0.022,0.004,base:plastic; geometry:shell; inflatable_shell; predeformed_state
stage3_100k_qwen2_v1_shell_064712,padded_support__ankle_support_cushion,Ankle Support Cushion,shell,padded_support,unknown,foam,50000.0,0.28,180.0,0.009,128.0,0.0008,24,0.48,0.02,0.003,base:foam; geometry:shell
stage3_100k_qwen2_v1_shell_074903,padded_support__garden_kneeler_pad,Garden Kneeler Pad,shell,padded_support,unknown,foam,45000.0,0.28,180.0,0.009,128.0,0.0008,24,0.48,0.02,0.003,base:foam; geometry:shell; predeformed_state
stage3_100k_qwen2_v1_shell_004094,padded_support__headphone_ear_pad_foam,Headphone Ear Pad Foam,shell,padded_support,foam,foam,45000.0,0.28,180.0,0.009,128.0,0.0008,24,0.48,0.02,0.003,base:foam; geometry:shell; predeformed_state
stage3_100k_qwen2_v1_shell_016220,padded_support__iv_injection_training_pad,IV Injection Training Pad,shell,padded_support,unknown,foam,50000.0,0.28,180.0,0.009,128.0,0.0008,24,0.48,0.02,0.003,base:foam; geometry:shell
stage3_100k_qwen2_v1_shell_052111,padded_support__knee_pad_foam_insert,Knee Pad Foam Insert,shell,padded_support,foam,foam,50000.0,0.28,180.0,0.009,128.0,0.0008,24,0.48,0.02,0.003,base:foam; geometry:shell
stage3_100k_qwen2_v1_shell_010402,padded_support__knee_support_cushion,Knee Support Cushion,shell,padded_support,unknown,foam,50000.0,0.28,180.0,0.009,128.0,0.0008,24,0.48,0.02,0.003,base:foam; geometry:shell
stage3_100k_qwen2_v1_shell_086069,padded_support__medical_support_strap,Medical Support Strap,shell,padded_support,textile,textile,60000.0,0.34,460.0,0.006,160.0,0.0008,24,0.4,0.025,0.006,base:textile; geometry:shell
stage3_100k_qwen2_v1_shell_052121,padded_support__neoprene_pad,Neoprene Pad,shell,padded_support,unknown,foam,45000.0,0.28,180.0,0.009,128.0,0.0008,24,0.48,0.02,0.003,base:foam; geometry:shell; predeformed_state
stage3_100k_qwen2_v1_shell_022052,padded_support__posture_support_cushion,Posture Support Cushion,shell,padded_support,unknown,foam,45000.0,0.28,180.0,0.009,128.0,0.0008,24,0.48,0.02,0.003,base:foam; geometry:shell; predeformed_state
stage3_100k_qwen2_v1_shell_058914,padded_support__seat_cushion_cover,Seat Cushion Cover,shell,padded_support,textile,textile,54000.0,0.34,460.0,0.006,160.0,0.0008,24,0.4,0.025,0.006,base:textile; geometry:shell; predeformed_state
stage3_100k_qwen2_v1_shell_020115,padded_support__steam_mop_pad,Steam Mop Pad,shell,padded_support,textile,textile,60000.0,0.34,460.0,0.006,160.0,0.0008,24,0.4,0.025,0.006,base:textile; geometry:shell
stage3_100k_qwen2_v1_garment_014228,hand_foot_garment__medical_glove,Medical Glove,garment,hand_foot_garment,unknown,rubber,120000.0,0.46,950.0,0.006,160.0,0.0008,24,0.36,0.025,0.006,base:rubber; geometry:garment; thin_latex_glove
stage3_100k_qwen2_v1_garment_067586,head_neck_garment__beanie,Beanie,garment,head_neck_garment,textile,textile,48600.0,0.34,460.0,0.006,160.0,0.0008,24,0.4,0.025,0.006,base:textile; geometry:garment; predeformed_state
stage3_100k_qwen2_v1_garment_048187,head_neck_garment__bucket_hat,Bucket Hat,garment,head_neck_garment,textile,textile,54000.0,0.34,460.0,0.006,160.0,0.0008,24,0.4,0.025,0.006,base:textile; geometry:garment
stage3_100k_qwen2_v1_garment_089415,head_neck_garment__headscarf,Headscarf,garment,head_neck_garment,textile,textile,54000.0,0.34,460.0,0.006,160.0,0.0008,24,0.4,0.025,0.006,base:textile; geometry:garment
stage3_100k_qwen2_v1_garment_011817,head_neck_garment__scarf,Scarf,garment,head_neck_garment,textile,textile,54000.0,0.34,460.0,0.006,160.0,0.0008,24,0.4,0.025,0.006,base:textile; geometry:garment
stage3_100k_qwen2_v1_garment_071484,lower_garment__a_line_skirt,A-line Skirt,garment,lower_garment,textile,textile,54000.0,0.34,460.0,0.006,160.0,0.0008,24,0.4,0.025,0.006,base:textile; geometry:garment
stage3_100k_qwen2_v1_garment_017165,lower_garment__athletic_shorts,Athletic Shorts,garment,lower_garment,textile,textile,54000.0,0.34,460.0,0.006,160.0,0.0008,24,0.4,0.025,0.006,base:textile; geometry:garment
stage3_100k_qwen2_v1_garment_010865,lower_garment__midi_skirt,Midi Skirt,garment,lower_garment,textile,textile,48600.0,0.34,460.0,0.006,160.0,0.0008,24,0.4,0.025,0.006,base:textile; geometry:garment; predeformed_state
stage3_100k_qwen2_v1_garment_092348,lower_garment__shorts,Shorts,garment,lower_garment,textile,textile,54000.0,0.34,460.0,0.006,160.0,0.0008,24,0.4,0.025,0.006,base:textile; geometry:garment
stage3_100k_qwen2_v1_garment_067133,one_piece_garment__dress_shirt,Dress Shirt,garment,one_piece_garment,textile,textile,48600.0,0.34,460.0,0.006,160.0,0.0008,24,0.4,0.025,0.006,base:textile; geometry:garment; predeformed_state
stage3_100k_qwen2_v1_garment_027366,one_piece_garment__slip_dress,Slip Dress,garment,one_piece_garment,textile,textile,54000.0,0.34,460.0,0.006,160.0,0.0008,24,0.4,0.025,0.006,base:textile; geometry:garment
stage3_100k_qwen2_v1_garment_013030,upper_garment__apron,Apron,garment,upper_garment,textile,textile,54000.0,0.34,460.0,0.006,160.0,0.0008,24,0.4,0.025,0.006,base:textile; geometry:garment
stage3_100k_qwen2_v1_garment_078506,upper_garment__bathrobe,Bathrobe,garment,upper_garment,textile,textile,54000.0,0.34,460.0,0.006,160.0,0.0008,24,0.4,0.025,0.006,base:textile; geometry:garment
stage3_100k_qwen2_v1_garment_053291,upper_garment__camisole,Camisole,garment,upper_garment,textile,textile,54000.0,0.34,460.0,0.006,160.0,0.0008,24,0.4,0.025,0.006,base:textile; geometry:garment
stage3_100k_qwen2_v1_garment_091123,upper_garment__chef_coat,Chef Coat,garment,upper_garment,textile,textile,54000.0,0.34,460.0,0.006,160.0,0.0008,24,0.4,0.025,0.006,base:textile; geometry:garment
stage3_100k_qwen2_v1_garment_033894,upper_garment__chiffon_blouse,Chiffon Blouse,garment,upper_garment,textile,textile,54000.0,0.34,460.0,0.006,160.0,0.0008,24,0.4,0.025,0.006,base:textile; geometry:garment
stage3_100k_qwen2_v1_garment_008677,upper_garment__down_jacket,Down Jacket,garment,upper_garment,textile,textile,54000.0,0.34,460.0,0.006,160.0,0.0008,24,0.4,0.025,0.006,base:textile; geometry:garment
stage3_100k_qwen2_v1_garment_053784,upper_garment__flannel_shirt,Flannel Shirt,garment,upper_garment,textile,textile,54000.0,0.34,460.0,0.006,160.0,0.0008,24,0.4,0.025,0.006,base:textile; geometry:garment
stage3_100k_qwen2_v1_garment_014020,upper_garment__knitted_gloves,Knitted Gloves,garment,upper_garment,textile,textile,48600.0,0.34,460.0,0.006,160.0,0.0008,24,0.4,0.025,0.006,base:textile; geometry:garment; predeformed_state
stage3_100k_qwen2_v1_garment_054764,upper_garment__leather_jacket,Leather Jacket,garment,upper_garment,textile,textile,54000.0,0.34,460.0,0.006,160.0,0.0008,24,0.4,0.025,0.006,base:textile; geometry:garment
stage3_100k_qwen2_v1_garment_048946,upper_garment__life_jacket_foam_insert,Life Jacket Foam Insert,garment,upper_garment,foam,foam,45000.0,0.28,180.0,0.009,128.0,0.0008,24,0.48,0.02,0.003,base:foam; geometry:garment
stage3_100k_qwen2_v1_garment_033914,upper_garment__nurse_uniform,Nurse Uniform,garment,upper_garment,textile,textile,54000.0,0.34,460.0,0.006,160.0,0.0008,24,0.4,0.025,0.006,base:textile; geometry:garment
stage3_100k_qwen2_v1_garment_017914,upper_garment__polo_shirt,Polo Shirt,garment,upper_garment,textile,textile,48600.0,0.34,460.0,0.006,160.0,0.0008,24,0.4,0.025,0.006,base:textile; geometry:garment; predeformed_state
stage3_100k_qwen2_v1_garment_024220,upper_garment__poncho,Poncho,garment,upper_garment,textile,textile,54000.0,0.34,460.0,0.006,160.0,0.0008,24,0.4,0.025,0.006,base:textile; geometry:garment
stage3_100k_qwen2_v1_garment_063506,upper_garment__raincoat,Raincoat,garment,upper_garment,textile,textile,54000.0,0.34,460.0,0.006,160.0,0.0008,24,0.4,0.025,0.006,base:textile; geometry:garment
stage3_100k_qwen2_v1_reserve_garment_104825,upper_garment__shawl,Shawl,garment,upper_garment,textile,textile,54000.0,0.34,460.0,0.006,160.0,0.0008,24,0.4,0.025,0.006,base:textile; geometry:garment
stage3_100k_qwen2_v1_garment_087282,upper_garment__sun_protective_jacket,Sun-protective Jacket,garment,upper_garment,textile,textile,54000.0,0.34,460.0,0.006,160.0,0.0008,24,0.4,0.025,0.006,base:textile; geometry:garment
stage3_100k_qwen2_v1_garment_044119,upper_garment__sweatpants,Sweatpants,garment,upper_garment,textile,textile,54000.0,0.34,460.0,0.006,160.0,0.0008,24,0.4,0.025,0.006,base:textile; geometry:garment
stage3_100k_qwen2_v1_garment_018901,upper_garment__swim_trunks,Swim Trunks,garment,upper_garment,textile,textile,54000.0,0.34,460.0,0.006,160.0,0.0008,24,0.4,0.025,0.006,base:textile; geometry:garment
stage3_100k_qwen2_v1_garment_016964,upper_garment__tank_top,Tank Top,garment,upper_garment,textile,textile,48600.0,0.34,460.0,0.006,160.0,0.0008,24,0.4,0.025,0.006,base:textile; geometry:garment; predeformed_state
stage3_100k_qwen2_v1_bag_003074,handled_soft_bag__backpack_fabric_body,Backpack Fabric Body,bag,handled_soft_bag,textile,textile,48600.0,0.34,460.0,0.006,160.0,0.0008,24,0.4,0.025,0.006,base:textile; geometry:bag; predeformed_state
stage3_100k_qwen2_v1_bag_094743,handled_soft_bag__foldable_shopping_bag,Foldable Shopping Bag,bag,handled_soft_bag,plastic,plastic,63000.0,0.4,650.0,0.008,144.0,0.001,20,0.52,0.022,0.004,base:plastic; geometry:bag
stage3_100k_qwen2_v1_bag_085530,handled_soft_bag__tote_bag,Tote Bag,bag,handled_soft_bag,plastic,plastic,63000.0,0.4,650.0,0.008,144.0,0.001,20,0.52,0.022,0.004,base:plastic; geometry:bag
stage3_100k_qwen2_v1_bag_046877,sack_soft_bag__bean_bag,Bean Bag,bag,sack_soft_bag,plastic,plastic,56700.0,0.4,650.0,0.008,144.0,0.001,20,0.52,0.022,0.004,base:plastic; geometry:bag; predeformed_state
stage3_100k_qwen2_v1_bag_058520,sack_soft_bag__sandbag,Sandbag,bag,sack_soft_bag,unknown,textile,54000.0,0.34,460.0,0.006,160.0,0.0008,24,0.4,0.025,0.006,base:textile; geometry:bag
stage3_100k_qwen2_v1_bag_026997,sack_soft_bag__straw_sack,Straw Sack,bag,sack_soft_bag,unknown,textile,54000.0,0.34,460.0,0.006,160.0,0.0008,24,0.4,0.025,0.006,base:textile; geometry:bag
stage3_100k_qwen2_v1_bag_050764,sealed_soft_package__air_pillow_packaging,Air Pillow Packaging,bag,sealed_soft_package,plastic,plastic,63000.0,0.4,650.0,0.008,144.0,0.001,20,0.52,0.022,0.004,base:plastic; geometry:bag
stage3_100k_qwen2_v1_bag_052222,sealed_soft_package__blood_bag,Blood Bag,bag,sealed_soft_package,plastic,plastic,60000.0,0.44,820.0,0.008,144.0,0.001,20,0.36,0.022,0.004,base:plastic; geometry:bag; predeformed_state; liquid_filled_medical_pouch_proxy
stage3_100k_qwen2_v1_bag_066294,sealed_soft_package__cosmetic_refill_pouch,Cosmetic Refill Pouch,bag,sealed_soft_package,plastic,plastic,63000.0,0.4,650.0,0.008,144.0,0.001,20,0.52,0.022,0.004,base:plastic; geometry:bag
stage3_100k_qwen2_v1_bag_092486,sealed_soft_package__drainage_bag,Drainage Bag,bag,sealed_soft_package,plastic,plastic,60000.0,0.44,820.0,0.008,144.0,0.001,20,0.36,0.022,0.004,base:plastic; geometry:bag; liquid_filled_medical_pouch_proxy
stage3_100k_qwen2_v1_bag_017797,sealed_soft_package__dry_bag,Dry Bag,bag,sealed_soft_package,plastic,plastic,63000.0,0.4,650.0,0.008,144.0,0.001,20,0.52,0.022,0.004,base:plastic; geometry:bag
stage3_100k_qwen2_v1_bag_011979,sealed_soft_package__fabric_storage_bag,Fabric Storage Bag,bag,sealed_soft_package,plastic,plastic,63000.0,0.4,650.0,0.008,144.0,0.001,20,0.52,0.022,0.004,base:plastic; geometry:bag
stage3_100k_qwen2_v1_bag_079884,sealed_soft_package__foam_packaging_tray,Foam Packaging Tray,bag,sealed_soft_package,foam,foam,45000.0,0.28,180.0,0.009,128.0,0.0008,24,0.48,0.02,0.003,base:foam; geometry:bag
stage3_100k_qwen2_v1_bag_070192,sealed_soft_package__paper_bag,Paper Bag,bag,sealed_soft_package,plastic,paper,65000.0,0.3,420.0,0.007,144.0,0.0008,24,0.34,0.024,0.005,base:paper; geometry:bag; paper_packaging
stage3_100k_qwen2_v1_bag_040608,sealed_soft_package__paper_envelope,Paper Envelope,bag,sealed_soft_package,paper,paper,65000.0,0.3,420.0,0.007,144.0,0.0008,24,0.34,0.024,0.005,base:paper; geometry:bag; predeformed_state; paper_packaging
stage3_100k_qwen2_v1_bag_075529,sealed_soft_package__plastic_bag,Plastic Bag,bag,sealed_soft_package,plastic,plastic,63000.0,0.4,650.0,0.008,144.0,0.001,20,0.52,0.022,0.004,base:plastic; geometry:bag
stage3_100k_qwen2_v1_bag_043036,sealed_soft_package__potato_chip_bag,Potato Chip Bag,bag,sealed_soft_package,plastic,plastic,63000.0,0.4,650.0,0.008,144.0,0.001,20,0.52,0.022,0.004,base:plastic; geometry:bag
stage3_100k_qwen2_v1_bag_016847,sealed_soft_package__quilt_compression_bag,Quilt Compression Bag,bag,sealed_soft_package,plastic,plastic,63000.0,0.4,650.0,0.008,144.0,0.001,20,0.52,0.022,0.004,base:plastic; geometry:bag
stage3_100k_qwen2_v1_bag_029945,sealed_soft_package__sanitary_pad_wrapper,Sanitary Pad Wrapper,bag,sealed_soft_package,foil_plastic,plastic,63000.0,0.4,650.0,0.008,144.0,0.001,20,0.52,0.022,0.004,base:plastic; geometry:bag
stage3_100k_qwen2_v1_bag_013943,sealed_soft_package__shampoo_refill_pouch,Shampoo Refill Pouch,bag,sealed_soft_package,plastic,plastic,63000.0,0.4,650.0,0.008,144.0,0.001,20,0.52,0.022,0.004,base:plastic; geometry:bag
stage3_100k_qwen2_v1_bag_087664,sealed_soft_package__shipping_envelope,Shipping Envelope,bag,sealed_soft_package,paper,paper,65000.0,0.3,420.0,0.007,144.0,0.0008,24,0.34,0.024,0.005,base:paper; geometry:bag; paper_packaging
stage3_100k_qwen2_v1_bag_053715,sealed_soft_package__sleeping_bag,Sleeping Bag,bag,sealed_soft_package,plastic,plastic,56700.0,0.4,650.0,0.008,144.0,0.001,20,0.52,0.022,0.004,base:plastic; geometry:bag; predeformed_state
stage3_100k_qwen2_v1_bag_018799,sealed_soft_package__soft_tool_pouch,Soft Tool Pouch,bag,sealed_soft_package,plastic,plastic,63000.0,0.4,650.0,0.008,144.0,0.001,20,0.52,0.022,0.004,base:plastic; geometry:bag
stage3_100k_qwen2_v1_bag_056145,sealed_soft_package__spouted_drink_pouch,Spouted Drink Pouch,bag,sealed_soft_package,plastic,plastic,56700.0,0.4,650.0,0.008,144.0,0.001,20,0.52,0.022,0.004,base:plastic; geometry:bag; predeformed_state
stage3_100k_qwen2_v1_bag_091067,sealed_soft_package__toiletry_pouch,Toiletry Pouch,bag,sealed_soft_package,plastic,plastic,63000.0,0.4,650.0,0.008,144.0,0.001,20,0.52,0.022,0.004,base:plastic; geometry:bag
stage3_100k_qwen2_v1_bag_061968,sealed_soft_package__urine_bag,Urine Bag,bag,sealed_soft_package,plastic,plastic,60000.0,0.44,820.0,0.008,144.0,0.001,20,0.36,0.022,0.004,base:plastic; geometry:bag; liquid_filled_medical_pouch_proxy
stage3_100k_qwen2_v1_bag_057604,sealed_soft_package__vacuum_sealed_food_pack,Vacuum-sealed Food Pack,bag,sealed_soft_package,unknown,plastic,63000.0,0.4,650.0,0.008,144.0,0.001,20,0.52,0.022,0.004,base:plastic; geometry:bag
stage3_100k_qwen2_v1_bag_008136,sealed_soft_package__wet_sponge,Wet Sponge,bag,sealed_soft_package,foam,foam,45000.0,0.28,180.0,0.009,128.0,0.0008,24,0.48,0.02,0.003,base:foam; geometry:bag
stage3_100k_qwen2_v1_bag_037722,sealed_soft_package__wet_wipes_pack,Wet Wipes Pack,bag,sealed_soft_package,unknown,plastic,56700.0,0.4,650.0,0.008,144.0,0.001,20,0.52,0.022,0.004,base:plastic; geometry:bag; predeformed_state
stage3_100k_qwen2_v1_bag_014445,soft_case__clear_document_sleeve,Clear Document Sleeve,bag,soft_case,unknown,plastic,63000.0,0.4,650.0,0.008,144.0,0.001,20,0.52,0.022,0.004,base:plastic; geometry:bag
